{
  "test/integration/pages/Common-dbg.js": 1653916083768,
  "test/unit/unitTests.qunit.js": 1653916083768,
  "manifest.json": 1653919340326,
  "test/unit/model/models.js": 1653916083768,
  "test/unit/model/models-dbg.js": 1653916083768,
  "test/unit/model/formatter.js": 1653916083768,
  "test/unit/model/formatter-dbg.js": 1653916083768,
  "test/unit/helper/FakeI18nModel.js": 1653916083768,
  "test/unit/helper/FakeI18nModel-dbg.js": 1653916083768,
  "test/integration/pages/shareOptions.js": 1653916083768,
  "test/integration/pages/shareOptions-dbg.js": 1653916083768,
  "test/integration/pages/Worklist.js": 1653916083768,
  "test/integration/pages/Worklist-dbg.js": 1653916083768,
  "test/integration/pages/Object.js": 1653916083768,
  "test/integration/pages/Object-dbg.js": 1653916083768,
  "test/integration/pages/NotFound.js": 1653916083768,
  "test/integration/pages/NotFound-dbg.js": 1653916083768,
  "test/integration/pages/Common.js": 1653916083768,
  "i18n/i18n.properties": 1654770932339,
  "test/integration/pages/Browser.js": 1653916083768,
  "test/integration/pages/Browser-dbg.js": 1653916083768,
  "test/integration/pages/App.js": 1653916083768,
  "test/integration/pages/App-dbg.js": 1653916083768,
  "test/integration/arrangements/Startup.js": 1653916083768,
  "test/integration/arrangements/Startup-dbg.js": 1653916083768,
  "test/integration/arrangements/FLP.js": 1653916083768,
  "test/integration/arrangements/FLP-dbg.js": 1653916083768,
  "resources/sap-ui-version.json": 1653916083764,
  "test/unit/unitTests.qunit-dbg.js": 1653916083768,
  "test/unit/AllTests.js": 1653916083768,
  "test/unit/AllTests-dbg.js": 1653916083768,
  "test/integration/opaTests.qunit.js": 1653916083768,
  "test/integration/opaTests.qunit-dbg.js": 1653916083768,
  "test/integration/WorklistJourney.js": 1653916083768,
  "test/integration/WorklistJourney-dbg.js": 1653916083768,
  "test/integration/ObjectJourney.js": 1653916083764,
  "test/integration/ObjectJourney-dbg.js": 1653916083764,
  "test/integration/NotFoundJourney.js": 1653916083764,
  "test/integration/NotFoundJourney-dbg.js": 1653916083764,
  "test/integration/NavigationJourney.js": 1653916083764,
  "test/integration/NavigationJourney-dbg.js": 1653916083764,
  "test/integration/FLPIntegrationJourney.js": 1653916083764,
  "test/integration/FLPIntegrationJourney-dbg.js": 1653916083764,
  "test/integration/AllJourneys.js": 1653916083764,
  "test/integration/AllJourneys-dbg.js": 1653916083764,
  "test/testsuite.qunit.js": 1653916083768,
  "test/testsuite.qunit-dbg.js": 1653916083768,
  "test/initFlpSandboxMockServer.js": 1653916083764,
  "test/initFlpSandboxMockServer-dbg.js": 1653916083764,
  "test/initFlpSandbox.js": 1653916083764,
  "test/initFlpSandbox-dbg.js": 1653916083764,
  "test/flpSandbox.js": 1653916083764,
  "test/flpSandbox-dbg.js": 1653916083764,
  "model/models.js": 1653916083764,
  "model/models-dbg.js": 1653916083764,
  "model/formatter.js": 1653916083764,
  "model/formatter-dbg.js": 1653916083764,
  "localService/mockserver.js": 1653916083764,
  "localService/mockserver-dbg.js": 1653916083764,
  "controller/Worklist.controller.js": 1654170559112,
  "controller/Worklist-dbg.controller.js": 1653916083764,
  "controller/NotFound.controller.js": 1653916083764,
  "controller/NotFound-dbg.controller.js": 1653916083764,
  "controller/ErrorHandler.js": 1653916083764,
  "controller/ErrorHandler-dbg.js": 1653916083764,
  "controller/BaseController.js": 1653916083764,
  "controller/BaseController-dbg.js": 1653916083764,
  "controller/App.controller.js": 1653916083764,
  "controller/App-dbg.controller.js": 1653916083764,
  "Component.js": 1653919340631,
  "Component-dbg.js": 1653919340744,
  "manifest-bundle.zip": 1654770970853,
  "Component-preload.js": 1654770971508,
  "test/integration/NotFoundJourney-dbg-dbg.js": 1653916083764,
  "test/unit/model/models-dbg-dbg.js": 1653916083768,
  "test/unit/model/formatter-dbg-dbg.js": 1653916083768,
  "test/unit/helper/FakeI18nModel-dbg-dbg.js": 1653916083768,
  "test/integration/pages/shareOptions-dbg-dbg.js": 1653916083768,
  "test/integration/pages/Worklist-dbg-dbg.js": 1653916083768,
  "test/integration/pages/Object-dbg-dbg.js": 1653916083768,
  "test/integration/pages/NotFound-dbg-dbg.js": 1653916083768,
  "test/integration/pages/Common-dbg-dbg.js": 1653916083768,
  "test/integration/pages/Browser-dbg-dbg.js": 1653916083768,
  "test/integration/pages/App-dbg-dbg.js": 1653916083768,
  "test/integration/arrangements/Startup-dbg-dbg.js": 1653916083768,
  "test/integration/arrangements/FLP-dbg-dbg.js": 1653916083768,
  "test/unit/unitTests.qunit-dbg-dbg.js": 1653916083768,
  "test/unit/AllTests-dbg-dbg.js": 1653916083768,
  "test/integration/opaTests.qunit-dbg-dbg.js": 1653916083768,
  "test/integration/WorklistJourney-dbg-dbg.js": 1653916083768,
  "test/integration/ObjectJourney-dbg-dbg.js": 1653916083764,
  "test/integration/NavigationJourney-dbg-dbg.js": 1653916083764,
  "test/integration/FLPIntegrationJourney-dbg-dbg.js": 1653916083764,
  "test/integration/AllJourneys-dbg-dbg.js": 1653916083764,
  "test/testsuite.qunit-dbg-dbg.js": 1653916083768,
  "test/initFlpSandboxMockServer-dbg-dbg.js": 1653916083764,
  "test/initFlpSandbox-dbg-dbg.js": 1653916083764,
  "test/flpSandbox-dbg-dbg.js": 1653916083764,
  "model/models-dbg-dbg.js": 1653916083764,
  "model/formatter-dbg-dbg.js": 1653916083764,
  "localService/mockserver-dbg-dbg.js": 1653916083764,
  "controller/Worklist-dbg-dbg.controller.js": 1653916083764,
  "controller/NotFound-dbg-dbg.controller.js": 1653916083764,
  "controller/ErrorHandler-dbg-dbg.js": 1653916083764,
  "controller/BaseController-dbg-dbg.js": 1653916083764,
  "controller/App-dbg-dbg.controller.js": 1653916083764,
  "Component-dbg-dbg.js": 1653919340744,
  "test/unit/unitTests.qunit.html": 1653916083768,
  "test/integration/opaTests.qunit.html": 1653916083768,
  "view/Worklist.view.xml": 1654770887779,
  "view/ObjectNotFound.view.xml": 1653916083768,
  "view/NotFound.view.xml": 1653916083768,
  "view/App.view.xml": 1653916083768,
  "test/testsuite.qunit.html": 1653916083768,
  "test/flpSandboxMockServer.html": 1653916083764,
  "test/flpSandbox.html": 1653916083764,
  "localService/metadata.xml": 1653916083764,
  "imagens/votorantim.png": 1653916083764,
  "imagens/voto_load.gif": 1653916083764,
  "imagens/VE.jpg": 1653916083764,
  "css/style.css": 1653916083764,
  "index.html": 1653920481960,
  "TESTE.txt": 1653919055860
}