<edmx:Edmx xmlns:edmx="http://schemas.microsoft.com/ado/2007/06/edmx"
	xmlns:m="http://schemas.microsoft.com/ado/2007/08/dataservices/metadata" xmlns:sap="http://www.sap.com/Protocols/SAPData" Version="1.0">
	<edmx:DataServices m:DataServiceVersion="2.0">
		<Schema xmlns="http://schemas.microsoft.com/ado/2008/09/edm" Namespace="ZGWCBMM_CONTRATACAO_FRETE_SRV" xml:lang="pt" sap:schema-version="1">
			<EntityType Name="Subscription" sap:semantics="subscriptions" sap:content-version="1">
				<Key><PropertyRef Name="ID"/></Key><Property Name="ID" Type="Edm.String" Nullable="false" MaxLength="32" sap:label="Sub. ID" sap:creatable="false" sap:updatable="false"
					sap:filterable="false"/><Property Name="user" Type="Edm.String" MaxLength="12" m:FC_TargetPath="SyndicationAuthorName" m:FC_KeepInContent="false"
					sap:label="Nome do usuário" sap:creatable="false" sap:filterable="false"/><Property Name="updated" Type="Edm.DateTime" Precision="0" m:FC_TargetPath="SyndicationUpdated" m:FC_KeepInContent="false"
					sap:label="Registro hora" sap:creatable="false" sap:filterable="false"/><Property Name="title" Type="Edm.String" MaxLength="255" m:FC_TargetPath="SyndicationTitle" m:FC_KeepInContent="false" sap:label="Title"
					sap:filterable="false"/><Property Name="deliveryAddress" Type="Edm.String" sap:label="Delivery Address" sap:filterable="false"/><Property Name="persistNotifications" Type="Edm.Boolean" sap:label="Persist Notification" sap:filterable="false"/><Property Name="collection" Type="Edm.String" MaxLength="40" sap:label="Collection" sap:filterable="false"/><Property Name="filter" Type="Edm.String" sap:label="Filter" sap:filterable="false"/><Property Name="select" Type="Edm.String" MaxLength="255" sap:label="Select" sap:filterable="false"/><Property Name="changeType" Type="Edm.String" MaxLength="30" sap:label="Change Type"/></EntityType>
			<EntityType Name="Notification" sap:semantics="notifications" sap:content-version="1">
				<Key><PropertyRef Name="ID"/></Key><Property Name="ID" Type="Edm.String" Nullable="false" MaxLength="32" sap:label="Notification ID"/><Property Name="collection" Type="Edm.String" MaxLength="40" sap:label="Collection"/><Property Name="title" Type="Edm.String" m:FC_TargetPath="SyndicationTitle" m:FC_KeepInContent="false" sap:label="Notif. Text"/><Property Name="updated" Type="Edm.DateTime" Precision="0" m:FC_TargetPath="SyndicationUpdated" m:FC_KeepInContent="false"
					sap:label="Registro hora"/><Property Name="changeType" Type="Edm.String" MaxLength="30" sap:label="Change Type"/><Property Name="entriesOfInterest" Type="Edm.Int32" sap:label="No. of Entries"/><Property Name="recipient" Type="Edm.String" MaxLength="112" sap:label="Recipient" sap:creatable="false" sap:updatable="false"/></EntityType>
			<EntityType Name="ZET_CBMM_CF_BUKRS" sap:content-version="1">
				<Key><PropertyRef Name="Bukrs"/></Key><Property Name="Bukrs" Type="Edm.String" Nullable="false" MaxLength="4" sap:unicode="false" sap:label="Empresa" sap:creatable="false"
					sap:updatable="false" sap:sortable="false" sap:filterable="false"/><Property Name="Butxt" Type="Edm.String" Nullable="false" MaxLength="25" sap:unicode="false" sap:label="Denominação da firma ou empresa"
					sap:creatable="false" sap:updatable="false" sap:sortable="false" sap:filterable="false"/></EntityType>
			<EntityType Name="ZET_CBMM_CF_WERKS" sap:content-version="1">
				<Key><PropertyRef Name="Bukrs"/><PropertyRef Name="Werks"/></Key><Property Name="Bukrs" Type="Edm.String" Nullable="false" MaxLength="4" sap:unicode="false" sap:label="Empresa" sap:creatable="false"
					sap:updatable="false" sap:sortable="false" sap:filterable="false"/><Property Name="Endereco" Type="Edm.String" Nullable="false" MaxLength="30" sap:unicode="false" sap:label="Endereço" sap:creatable="false"
					sap:updatable="false" sap:sortable="false" sap:filterable="false"/><Property Name="Munic" Type="Edm.String" Nullable="false" MaxLength="25" sap:unicode="false" sap:label="Municipio" sap:creatable="false"
					sap:updatable="false" sap:sortable="false" sap:filterable="false"/><Property Name="Cnpj" Type="Edm.String" Nullable="false" MaxLength="16" sap:unicode="false" sap:label="CNPJ" sap:creatable="false"
					sap:updatable="false" sap:sortable="false" sap:filterable="false"/><Property Name="Uf" Type="Edm.String" Nullable="false" MaxLength="3" sap:unicode="false" sap:label="Estado" sap:creatable="false"
					sap:updatable="false" sap:sortable="false" sap:filterable="false"/><Property Name="Name1" Type="Edm.String" Nullable="false" MaxLength="30" sap:unicode="false" sap:label="Nome 1" sap:creatable="false"
					sap:updatable="false" sap:sortable="false" sap:filterable="false"/><Property Name="Werks" Type="Edm.String" Nullable="false" MaxLength="4" sap:unicode="false" sap:label="Centro" sap:creatable="false"
					sap:updatable="false" sap:sortable="false" sap:filterable="false"/></EntityType>
			<EntityType Name="ZET_CBMM_CF_VEICULO" sap:content-version="1">
				<Key><PropertyRef Name="Bukrs"/><PropertyRef Name="WerksO"/><PropertyRef Name="IdSolicitacao"/><PropertyRef Name="IdRota"/><PropertyRef Name="NrTransp"/><PropertyRef Name="TpVeiculo"/></Key><Property Name="Bukrs" Type="Edm.String" Nullable="false" MaxLength="4" sap:unicode="false" sap:label="Empresa"/><Property Name="Route" Type="Edm.String" Nullable="false" MaxLength="6" sap:unicode="false" sap:label="Itinerário real"/><Property Name="WerksO" Type="Edm.String" Nullable="false" MaxLength="4" sap:unicode="false" sap:label="Centro"/><Property Name="IdSolicitacao" Type="Edm.Int32" Nullable="false" sap:unicode="false" sap:label="Id Solicitação"/><Property Name="IdRota" Type="Edm.Int32" Nullable="false" sap:unicode="false" sap:label="Id Rota"/><Property Name="NrTransp" Type="Edm.String" Nullable="false" MaxLength="10" sap:unicode="false" sap:label="Fornec.serviços"/><Property Name="TpVeiculo" Type="Edm.String" Nullable="false" MaxLength="100" sap:unicode="false" sap:label="Tipo Veículo"/><Property Name="Vencedor" Type="Edm.String" MaxLength="1" sap:unicode="false" sap:label="Vencedor"/><Property Name="Performance" Type="Edm.String" MaxLength="50" sap:unicode="false" sap:label="Performance"/><Property Name="Maktx" Type="Edm.String" MaxLength="40" sap:unicode="false" sap:label="Descrição Veículo"/><Property Name="Objeto" Type="Edm.String" MaxLength="70" sap:unicode="false" sap:label="Objeto"/><Property Name="Empresa" Type="Edm.String" MaxLength="4" sap:unicode="false" sap:label="Empresa"/><Property Name="VlrTotDc" Type="Edm.Int32" sap:unicode="false" sap:label="Valor Total (R$)"/><Property Name="Alcada" Type="Edm.String" MaxLength="30" sap:unicode="false" sap:label="Alçada"/><Property Name="Vigencia" Type="Edm.String" MaxLength="2" sap:unicode="false" sap:label="Vigência (meses)"/><Property Name="Volume" Type="Edm.Int32" sap:unicode="false" sap:label="Volume (t)"/><Property Name="DataBase" Type="Edm.String" MaxLength="10" sap:unicode="false" sap:label="Data Base"/><Property Name="AtPreco" Type="Edm.String" MaxLength="30" sap:unicode="false" sap:label="At Preço (R$)"/><Property Name="PrazoPag" Type="Edm.String" MaxLength="10" sap:unicode="false" sap:label="Prazo Pagamento"/><Property Name="Incoterm" Type="Edm.String" MaxLength="10" sap:unicode="false" sap:label="Incoterm"/><Property Name="Cadastro" Type="Edm.String" MaxLength="10" sap:unicode="false" sap:label="Cadastro"/><Property Name="CamRede" Type="Edm.String" MaxLength="60" sap:unicode="false" sap:label="Cam Rede"/><Property Name="Negociacao" Type="Edm.String" MaxLength="30" sap:unicode="false" sap:label="Negociação"/><Property Name="FreteNegoc" Type="Edm.Int32" sap:unicode="false" sap:label="Frete Negoc (R$)"/><Property Name="FretePedag" Type="Edm.Int32" sap:unicode="false" sap:label="Frete Pedag (R$)"/><Property Name="OrcBaseline" Type="Edm.Int32" sap:unicode="false" sap:label="Orc Baseline (R$)"/><Property Name="VarPrecos" Type="Edm.Int32" sap:unicode="false" sap:label="Var Preços (R$)"/><Property Name="Saving" Type="Edm.Int32" sap:unicode="false" sap:label="Saving"/><Property Name="Orcamento" Type="Edm.Int32" sap:unicode="false" sap:label="Orçamento (R$)"/><Property Name="Tco" Type="Edm.Int32" sap:unicode="false" sap:label="Tco"/><Property Name="AproTec" Type="Edm.String" MaxLength="1" sap:unicode="false" sap:label="Apro Tec"/><Property Name="HabQuali" Type="Edm.String" MaxLength="1" sap:unicode="false" sap:label="Hab Quali"/><Property Name="VlrNegoc" Type="Edm.Int32" sap:unicode="false" sap:label="Valor Negoc (R$)"/><Property Name="VlrProp" Type="Edm.Int32" sap:unicode="false" sap:label="Valor Prop (R$)"/><Property Name="Pedagio" Type="Edm.Int32" sap:unicode="false" sap:label="Pedágio"/></EntityType>
			<EntityType Name="ZET_CBMM_CF_ZONE1" sap:content-version="1">
				<Key><PropertyRef Name="Zone1"/></Key><Property Name="Zone1" Type="Edm.String" Nullable="false" MaxLength="10" sap:unicode="false" sap:label="Zona transporte"
					sap:creatable="false" sap:updatable="false" sap:sortable="false" sap:filterable="false"/><Property Name="Vtext" Type="Edm.String" Nullable="false" MaxLength="40" sap:unicode="false" sap:label="Char" sap:creatable="false"
					sap:updatable="false" sap:sortable="false" sap:filterable="false"/></EntityType>
			<EntityType Name="ZET_CBMM_CF_VEIC_H" sap:content-version="1">
				<Key><PropertyRef Name="Matnr"/></Key><Property Name="Matnr" Type="Edm.String" Nullable="false" MaxLength="18" sap:unicode="false" sap:label="Material"/><Property Name="Maktx" Type="Edm.String" MaxLength="40" sap:unicode="false" sap:label="Denominação"/></EntityType>
			<EntityType Name="ZET_CBMM_CF_PEDIDO" sap:content-version="1">
				<Key><PropertyRef Name="Werkso"/><PropertyRef Name="IdSolicitacao"/><PropertyRef Name="NrItem"/><PropertyRef Name="NrRequisicao"/></Key><Property Name="Fornecedor" Type="Edm.String" MaxLength="10" sap:unicode="false" sap:label="Fornecedor"/><Property Name="Pedido" Type="Edm.String" Nullable="false" MaxLength="10" sap:unicode="false" sap:label="Pedido" sap:creatable="false"
					sap:updatable="false" sap:sortable="false" sap:filterable="false"/><Property Name="Tipo" Type="Edm.String" MaxLength="1" sap:unicode="false" sap:label="Caractere 1"/><Property Name="Werkso" Type="Edm.String" Nullable="false" MaxLength="4" sap:unicode="false" sap:label="Centro"/><Property Name="IdSolicitacao" Type="Edm.Int32" Nullable="false" sap:unicode="false" sap:label="Nº"/><Property Name="Modalidade" Type="Edm.String" MaxLength="70" sap:unicode="false" sap:label="char70"/><Property Name="NrItem" Type="Edm.String" Nullable="false" MaxLength="5" sap:unicode="false" sap:label="Item RC"/><Property Name="Prioridade" Type="Edm.String" MaxLength="70" sap:unicode="false" sap:label="char70"/><Property Name="Finalidade" Type="Edm.String" MaxLength="70" sap:unicode="false" sap:label="char70"/><Property Name="Carteira" Type="Edm.String" MaxLength="70" sap:unicode="false" sap:label="char70"/><Property Name="NrRequisicao" Type="Edm.String" Nullable="false" MaxLength="10" sap:unicode="false" sap:label="ReqC"/><Property Name="GrpCompras" Type="Edm.String" MaxLength="3" sap:unicode="false" sap:label="Grp.compradores"/><Property Name="NrTransp" Type="Edm.String" MaxLength="10" sap:unicode="false" sap:label="Nº transporte"/><Property Name="DtPedido" Type="Edm.String" MaxLength="10" sap:unicode="false" sap:label="Campo de caracteres do comprimento 10"/><Property Name="VlPedido" Type="Edm.Decimal" Precision="12" Scale="3" sap:unicode="false" sap:label="Preço líquido"/></EntityType>
			<EntityType Name="ZET_CBMM_CF_ROUTE" sap:content-version="1">
				<Key><PropertyRef Name="Zone1"/><PropertyRef Name="Zone2"/></Key><Property Name="Zone1" Type="Edm.String" Nullable="false" MaxLength="20" sap:unicode="false" sap:label="Zona de partida"/><Property Name="Zone2" Type="Edm.String" Nullable="false" MaxLength="20" sap:unicode="false" sap:label="Zona transporte"/><Property Name="Route" Type="Edm.String" MaxLength="6" sap:unicode="false" sap:label="Itinerário real"/></EntityType>
			<EntityType Name="ZET_CBMM_CF_RELATORIO" sap:content-version="1">
				<Key><PropertyRef Name="DtInic"/><PropertyRef Name="DtFim"/><PropertyRef Name="Usuario"/></Key><Property Name="DtInic" Type="Edm.String" Nullable="false" MaxLength="10" sap:unicode="false"
					sap:label="Campo de caracteres do comprimento 10" sap:creatable="false" sap:updatable="false" sap:sortable="false" sap:filterable="false"/><Property Name="QtPositiva" Type="Edm.Int32" Nullable="false" sap:unicode="false" sap:label="Nº" sap:creatable="false" sap:updatable="false"
					sap:sortable="false" sap:filterable="false"/><Property Name="TpSolPc" Type="Edm.Int32" Nullable="false" sap:unicode="false" sap:label="Nº" sap:creatable="false" sap:updatable="false"
					sap:sortable="false" sap:filterable="false"/><Property Name="QtNegativa" Type="Edm.Int32" Nullable="false" sap:unicode="false" sap:label="Nº" sap:creatable="false" sap:updatable="false"
					sap:sortable="false" sap:filterable="false"/><Property Name="DtFim" Type="Edm.String" Nullable="false" MaxLength="10" sap:unicode="false"
					sap:label="Campo de caracteres do comprimento 10" sap:creatable="false" sap:updatable="false" sap:sortable="false" sap:filterable="false"/><Property Name="QtSolicit" Type="Edm.Int32" Nullable="false" sap:unicode="false" sap:label="Nº" sap:creatable="false" sap:updatable="false"
					sap:sortable="false" sap:filterable="false"/><Property Name="Saving" Type="Edm.Int32" Nullable="false" sap:unicode="false" sap:label="Nº" sap:creatable="false" sap:updatable="false"
					sap:sortable="false" sap:filterable="false"/><Property Name="SlaFPrazo" Type="Edm.Int32" Nullable="false" sap:unicode="false" sap:label="Nº" sap:creatable="false" sap:updatable="false"
					sap:sortable="false" sap:filterable="false"/><Property Name="SlaFAtrazo" Type="Edm.Int32" Nullable="false" sap:unicode="false" sap:label="Nº" sap:creatable="false" sap:updatable="false"
					sap:sortable="false" sap:filterable="false"/><Property Name="SlaAPrazo" Type="Edm.Int32" Nullable="false" sap:unicode="false" sap:label="Nº" sap:creatable="false" sap:updatable="false"
					sap:sortable="false" sap:filterable="false"/><Property Name="SlaAAtrazo" Type="Edm.Int32" Nullable="false" sap:unicode="false" sap:label="Nº" sap:creatable="false" sap:updatable="false"
					sap:sortable="false" sap:filterable="false"/><Property Name="PerfPositivas" Type="Edm.Int32" Nullable="false" sap:unicode="false" sap:label="Nº" sap:creatable="false"
					sap:updatable="false" sap:sortable="false" sap:filterable="false"/><Property Name="PerfNegativas" Type="Edm.Int32" Nullable="false" sap:unicode="false" sap:label="Nº" sap:creatable="false"
					sap:updatable="false" sap:sortable="false" sap:filterable="false"/><Property Name="ModMro" Type="Edm.Int32" Nullable="false" sap:unicode="false" sap:label="Nº" sap:creatable="false" sap:updatable="false"
					sap:sortable="false" sap:filterable="false"/><Property Name="ModInsumo" Type="Edm.Int32" Nullable="false" sap:unicode="false" sap:label="Nº" sap:creatable="false" sap:updatable="false"
					sap:sortable="false" sap:filterable="false"/><Property Name="ModPa" Type="Edm.Int32" Nullable="false" sap:unicode="false" sap:label="Nº" sap:creatable="false" sap:updatable="false"
					sap:sortable="false" sap:filterable="false"/><Property Name="ModServico" Type="Edm.Int32" Nullable="false" sap:unicode="false" sap:label="Nº" sap:creatable="false" sap:updatable="false"
					sap:sortable="false" sap:filterable="false"/><Property Name="TpSolSpot" Type="Edm.Int32" Nullable="false" sap:unicode="false" sap:label="Nº" sap:creatable="false" sap:updatable="false"
					sap:sortable="false" sap:filterable="false"/><Property Name="TpSolPerene" Type="Edm.Int32" Nullable="false" sap:unicode="false" sap:label="Nº" sap:creatable="false"
					sap:updatable="false" sap:sortable="false" sap:filterable="false"/><Property Name="TpSolServico" Type="Edm.Int32" Nullable="false" sap:unicode="false" sap:label="Nº" sap:creatable="false"
					sap:updatable="false" sap:sortable="false" sap:filterable="false"/><Property Name="Usuario" Type="Edm.String" Nullable="false" MaxLength="40" sap:unicode="false" sap:label="Char" sap:creatable="false"
					sap:updatable="false" sap:sortable="false" sap:filterable="false"/><Property Name="MSolicAberto" Type="Edm.Int32" Nullable="false" sap:unicode="false" sap:label="Nº" sap:creatable="false"
					sap:updatable="false" sap:sortable="false" sap:filterable="false"/><Property Name="MSolicAtraso" Type="Edm.Int32" Nullable="false" sap:unicode="false" sap:label="Nº" sap:creatable="false"
					sap:updatable="false" sap:sortable="false" sap:filterable="false"/><Property Name="MSolicRecusa" Type="Edm.Int32" Nullable="false" sap:unicode="false" sap:label="Nº" sap:creatable="false"
					sap:updatable="false" sap:sortable="false" sap:filterable="false"/><Property Name="MSolicConc" Type="Edm.Int32" Nullable="false" sap:unicode="false" sap:label="Nº" sap:creatable="false" sap:updatable="false"
					sap:sortable="false" sap:filterable="false"/></EntityType>
			<EntityType Name="ZET_CBMM_CF_CEGA" sap:content-version="1">
				<Key><PropertyRef Name="Bukrs"/><PropertyRef Name="Branch"/><PropertyRef Name="Nfnum"/></Key><Property Name="Bukrs" Type="Edm.String" Nullable="false" MaxLength="4" sap:unicode="false" sap:label="Empresa"/><Property Name="Branch" Type="Edm.String" Nullable="false" MaxLength="4" sap:unicode="false" sap:label="Loc.negócios"/><Property Name="Nfnum" Type="Edm.String" Nullable="false" MaxLength="9" sap:unicode="false" sap:label="N° Nota Fiscal"/><Property Name="AvisoEntrega" Type="Edm.String" MaxLength="10" sap:unicode="false" sap:label="Aviso de Entrega"/><Property Name="Volume" Type="Edm.String" MaxLength="15" sap:unicode="false" sap:label="Vol."/><Property Name="Quantidade" Type="Edm.String" MaxLength="5" sap:unicode="false" sap:label="Quantidade"/><Property Name="Aceite" Type="Edm.String" MaxLength="1" sap:unicode="false" sap:label="Aceite"/><Property Name="Data" Type="Edm.DateTime" Precision="7" sap:unicode="false" sap:label="Data"/><Property Name="Hora" Type="Edm.Time" Precision="0" sap:unicode="false" sap:label="Hora"/><Property Name="Login" Type="Edm.String" MaxLength="12" sap:unicode="false" sap:label="Nome do usuário"/></EntityType>
			<EntityType Name="ZET_CBMM_CF_CEGA_ETIQUETA" sap:content-version="1">
				<Key><PropertyRef Name="Lfimg"/><PropertyRef Name="Matnr"/></Key><Property Name="Lfimg" Type="Edm.String" Nullable="false" MaxLength="10" sap:unicode="false"
					sap:label="Campo de caracteres do comprimento 10"/><Property Name="Matnr" Type="Edm.String" Nullable="false" MaxLength="18" sap:unicode="false" sap:label="Material"/><Property Name="Tipo" Type="Edm.String" MaxLength="1" sap:unicode="false" sap:label="Caractere 1"/><Property Name="AvisoEntrega" Type="Edm.String" MaxLength="10" sap:unicode="false" sap:label="Fornecimento"/></EntityType>
			<EntityType Name="ZET_CBMM_CF_EKGRP" sap:content-version="1">
				<Key><PropertyRef Name="Ekgrp"/></Key><Property Name="Ekgrp" Type="Edm.String" Nullable="false" MaxLength="3" sap:unicode="false" sap:label="Grp.compradores"/><Property Name="Aprov" Type="Edm.String" MaxLength="12" sap:unicode="false" sap:label="Aprovador"/><Property Name="EnvioEmail" Type="Edm.String" MaxLength="1" sap:unicode="false" sap:label="Envio email"/><Property Name="Email" Type="Edm.String" MaxLength="241" sap:unicode="false" sap:label="Email"/></EntityType>
			<EntityType Name="ZET_CBMM_CF_VEICOND" sap:content-version="1">
				<Key><PropertyRef Name="Bukrs"/><PropertyRef Name="Idrota"/><PropertyRef Name="Idsolicitacao"/><PropertyRef Name="Kschl"/><PropertyRef Name="Nrtransp"/><PropertyRef Name="QtdEscala"/><PropertyRef Name="Tpveiculo"/><PropertyRef Name="Werkso"/></Key><Property Name="Justif" Type="Edm.String" Nullable="false" MaxLength="1024" sap:unicode="false" sap:label="JUSTIF" sap:creatable="false"
					sap:updatable="false" sap:sortable="false" sap:filterable="false"/><Property Name="Alcada" Type="Edm.String" MaxLength="30" sap:unicode="false" sap:label="Alcada" sap:sortable="false" sap:filterable="false"/><Property Name="AproTec" Type="Edm.String" MaxLength="1" sap:unicode="false" sap:label="Aprovado Tecnic" sap:sortable="false"
					sap:filterable="false"/><Property Name="AtPreco" Type="Edm.String" MaxLength="30" sap:unicode="false" sap:label="At Preco" sap:sortable="false"
					sap:filterable="false"/><Property Name="Bukrs" Type="Edm.String" Nullable="false" MaxLength="4" sap:unicode="false" sap:label="Empresa" sap:creatable="false"
					sap:updatable="false"/><Property Name="Cadastro" Type="Edm.String" MaxLength="10" sap:unicode="false" sap:label="Cadastro" sap:sortable="false"
					sap:filterable="false"/><Property Name="CamRede" Type="Edm.String" MaxLength="60" sap:unicode="false" sap:label="CamRede" sap:sortable="false"
					sap:filterable="false"/><Property Name="DataBase" Type="Edm.String" MaxLength="10" sap:unicode="false" sap:label="Data Base" sap:updatable="false"
					sap:sortable="false" sap:filterable="false"/><Property Name="DataFim" Type="Edm.String" MaxLength="10" sap:unicode="false" sap:label="Data Fim" sap:sortable="false"
					sap:filterable="false"/><Property Name="DataInicio" Type="Edm.String" MaxLength="10" sap:unicode="false" sap:label="Data Início" sap:sortable="false"
					sap:filterable="false"/><Property Name="Descricao" Type="Edm.String" MaxLength="255" sap:unicode="false" sap:label="Descr." sap:sortable="false"
					sap:filterable="false"/><Property Name="Desctransp" Type="Edm.String" MaxLength="35" sap:unicode="false" sap:label="Transportadora" sap:creatable="false"
					sap:updatable="false" sap:sortable="false"/><Property Name="Empresa" Type="Edm.String" MaxLength="4" sap:unicode="false" sap:label="Empresa" sap:sortable="false" sap:filterable="false"/><Property Name="FreteNegoc" Type="Edm.Decimal" Precision="13" Scale="2" sap:unicode="false" sap:label="Frete Negociado (R$)"
					sap:sortable="false" sap:filterable="false"/><Property Name="FretePedag" Type="Edm.Decimal" Precision="13" Scale="2" sap:unicode="false" sap:label="Frete Pedag (R$)"
					sap:sortable="false" sap:filterable="false"/><Property Name="HabQuali" Type="Edm.String" MaxLength="1" sap:unicode="false" sap:label="Hab Quali" sap:sortable="false"
					sap:filterable="false"/><Property Name="Idrota" Type="Edm.Int32" Nullable="false" sap:unicode="false" sap:label="ID Rota" sap:creatable="false"
					sap:updatable="false"/><Property Name="Idsolicitacao" Type="Edm.Int32" Nullable="false" sap:unicode="false" sap:label="ID Solicitação" sap:creatable="false"
					sap:updatable="false"/><Property Name="Incoterm" Type="Edm.String" MaxLength="10" sap:unicode="false" sap:label="Iconterms" sap:sortable="false"
					sap:filterable="false"/><Property Name="IntDescr" Type="Edm.String" MaxLength="100" sap:unicode="false" sap:label="Itinerário" sap:updatable="false"
					sap:sortable="false" sap:filterable="false"/><Property Name="Intinerario" Type="Edm.String" MaxLength="6" sap:unicode="false" sap:label="Itinerário" sap:updatable="false"
					sap:sortable="false" sap:filterable="false"/><Property Name="Kschl" Type="Edm.String" Nullable="false" MaxLength="5" sap:unicode="false" sap:label="Condição" sap:creatable="false"
					sap:updatable="false"/><Property Name="Maktx" Type="Edm.String" MaxLength="40" sap:unicode="false" sap:label="Material" sap:sortable="false" sap:filterable="false"/><Property Name="Matnr" Type="Edm.String" MaxLength="18" sap:unicode="false" sap:label="Material"/><Property Name="Moeda" Type="Edm.String" MaxLength="3" sap:unicode="false" sap:label="Moeda" sap:updatable="false" sap:sortable="false"
					sap:filterable="false"/><Property Name="Montante" Type="Edm.Decimal" Precision="13" Scale="2" sap:unicode="false" sap:label="Montante" sap:sortable="false"
					sap:filterable="false"/><Property Name="Negociacao" Type="Edm.String" MaxLength="30" sap:unicode="false" sap:label="Negociação (R$)" sap:sortable="false"
					sap:filterable="false"/><Property Name="Nomecond" Type="Edm.String" MaxLength="20" sap:unicode="false" sap:label="Denominação" sap:sortable="false"
					sap:filterable="false"/><Property Name="Nrtransp" Type="Edm.String" Nullable="false" MaxLength="10" sap:unicode="false" sap:label="Transp." sap:creatable="false"
					sap:updatable="false"/><Property Name="Objeto" Type="Edm.String" MaxLength="70" sap:unicode="false" sap:label="Objeto" sap:sortable="false" sap:filterable="false"/><Property Name="Orcamento" Type="Edm.Decimal" Precision="13" Scale="2" sap:unicode="false" sap:label="Orçamento (R$)" sap:sortable="false"
					sap:filterable="false"/><Property Name="OrcBaseline" Type="Edm.Decimal" Precision="13" Scale="2" sap:unicode="false" sap:label="Orc Base Line (R$)"
					sap:sortable="false" sap:filterable="false"/><Property Name="Pedagio" Type="Edm.Decimal" Precision="13" Scale="2" sap:unicode="false" sap:label="Pedagio" sap:sortable="false"
					sap:filterable="false"/><Property Name="Performance" Type="Edm.String" MaxLength="50" sap:unicode="false" sap:label="Perfomance (%)" sap:updatable="false"
					sap:sortable="false" sap:filterable="false"/><Property Name="PrazoPag" Type="Edm.String" MaxLength="10" sap:unicode="false" sap:label="Prazo de Pagamento" sap:sortable="false"
					sap:filterable="false"/><Property Name="QtdEscala" Type="Edm.String" Nullable="false" MaxLength="20" sap:unicode="false" sap:label="Qtd.escala"
					sap:creatable="false" sap:updatable="false"/><Property Name="Saving" Type="Edm.Decimal" Precision="13" Scale="2" sap:unicode="false" sap:label="Saving (%)" sap:updatable="false"
					sap:sortable="false" sap:filterable="false"/><Property Name="Sugerir" Type="Edm.String" MaxLength="1" sap:unicode="false" sap:label="Flag" sap:sortable="false" sap:filterable="false"/><Property Name="Tco" Type="Edm.Decimal" Precision="13" Scale="2" sap:unicode="false" sap:label="TCO" sap:sortable="false"
					sap:filterable="false"/><Property Name="TcoOrc" Type="Edm.Decimal" Precision="14" Scale="3" sap:unicode="false" sap:label="TCO Orçado"/><Property Name="Tpveiculo" Type="Edm.String" Nullable="false" MaxLength="25" sap:unicode="false" sap:label="Veiculo" sap:creatable="false"
					sap:updatable="false"/><Property Name="UmEscala" Type="Edm.String" MaxLength="3" sap:unicode="false" sap:label="UM" sap:updatable="false" sap:sortable="false"
					sap:filterable="false" sap:semantics="unit-of-measure"/><Property Name="VarPrecos" Type="Edm.Decimal" Precision="13" Scale="2" sap:unicode="false" sap:label="Var Precos (R$)" sap:updatable="false"
					sap:sortable="false" sap:filterable="false"/><Property Name="Vencedor" Type="Edm.String" MaxLength="1" sap:unicode="false" sap:label="Vencedor" sap:sortable="false"/><Property Name="Vigencia" Type="Edm.String" MaxLength="2" sap:unicode="false" sap:label="Vigência (m)" sap:updatable="false"
					sap:sortable="false" sap:filterable="false"/><Property Name="VlrNegoc" Type="Edm.Decimal" Precision="13" Scale="2" sap:unicode="false" sap:label="Valor Negociado (R$)"
					sap:creatable="false" sap:updatable="false" sap:sortable="false" sap:filterable="false"/><Property Name="VlrProp" Type="Edm.Decimal" Precision="13" Scale="2" sap:unicode="false" sap:label="Valor Proprosto (R$)"
					sap:creatable="false" sap:updatable="false" sap:sortable="false" sap:filterable="false"/><Property Name="VlrTotDc" Type="Edm.Decimal" Precision="13" Scale="2" sap:unicode="false" sap:label="Valor Total (R$)" sap:sortable="false"
					sap:filterable="false"/><Property Name="Volume" Type="Edm.Int32" sap:unicode="false" sap:label="Volume (t)" sap:sortable="false" sap:filterable="false"/><Property Name="Werks" Type="Edm.String" Nullable="false" MaxLength="4" sap:unicode="false" sap:label="Centro" sap:creatable="false"
					sap:updatable="false" sap:sortable="false" sap:filterable="false"/><Property Name="Werkso" Type="Edm.String" Nullable="false" MaxLength="4" sap:unicode="false" sap:label="Centro Origem" sap:creatable="false"
					sap:updatable="false"/></EntityType>
			<EntityType Name="ZET_CBMM_CF_CART" sap:content-version="1">
				<Key><PropertyRef Name="Carteira"/></Key><Property Name="Carteira" Type="Edm.String" Nullable="false" MaxLength="70" sap:unicode="false" sap:label="Carteira"/></EntityType>
			<EntityType Name="ZET_CBMM_CF_CONDITION" sap:content-version="1">
				<Key><PropertyRef Name="Kschl"/></Key><Property Name="Kschl" Type="Edm.String" Nullable="false" MaxLength="10" sap:unicode="false"
					sap:label="Campo de caracteres do comprimento 10" sap:creatable="false" sap:updatable="false" sap:sortable="false" sap:filterable="false"/></EntityType>
			<EntityType Name="ZET_CBMM_CF_KOSTL" sap:content-version="1">
				<Key><PropertyRef Name="Kostl"/></Key><Property Name="Kostl" Type="Edm.String" Nullable="false" MaxLength="10" sap:unicode="false" sap:label="Centro custo"/><Property Name="Ktext" Type="Edm.String" MaxLength="20" sap:unicode="false" sap:label="char20"/></EntityType>
			<EntityType Name="ZET_CBMM_CF_APROV" sap:content-version="1">
				<Key><PropertyRef Name="Carteira"/></Key><Property Name="Carteira" Type="Edm.String" Nullable="false" MaxLength="70" sap:unicode="false" sap:label="Carteira"/><Property Name="Aprovador" Type="Edm.String" MaxLength="12" sap:unicode="false" sap:label="Aprovador"/><Property Name="Email" Type="Edm.String" MaxLength="241" sap:unicode="false" sap:label="Endereço e-mail"/></EntityType>
			<EntityType Name="ZET_CBMM_CF_PARAMET" sap:content-version="1">
				<Key><PropertyRef Name="Parametro"/><PropertyRef Name="Valor"/></Key><Property Name="Descricao" Type="Edm.String" MaxLength="70" sap:unicode="false" sap:label="char70"/><Property Name="Parametro" Type="Edm.String" Nullable="false" MaxLength="40" sap:unicode="false" sap:label="Parâmetro"/><Property Name="Valor" Type="Edm.String" Nullable="false" MaxLength="150" sap:unicode="false" sap:label="Valor"/></EntityType>
			<EntityType Name="ZET_CBMM_CF_FRETE" sap:content-version="1">
				<Key><PropertyRef Name="Bukrs"/><PropertyRef Name="WerksO"/><PropertyRef Name="IdSolicitacao"/></Key><Property Name="Aging" Type="Edm.Int32" Nullable="false" sap:unicode="false" sap:label="Aging" sap:creatable="false" sap:updatable="false"
					sap:sortable="false" sap:filterable="false"/><Property Name="Atraso" Type="Edm.String" Nullable="false" MaxLength="3" sap:unicode="false" sap:label="Atraso" sap:creatable="false"
					sap:updatable="false" sap:sortable="false" sap:filterable="false"/><Property Name="Observacao" Type="Edm.String" MaxLength="512" sap:unicode="false" sap:label="OBSERVACAO"/><Property Name="Kostl" Type="Edm.String" MaxLength="10" sap:unicode="false" sap:label="Centro custo"/><Property Name="DtCriacaoc" Type="Edm.String" MaxLength="10" sap:unicode="false" sap:label="Data de Criação"/><Property Name="DtCriacao" Type="Edm.DateTime" Precision="7" sap:unicode="false" sap:label="Data Criação"/><Property Name="Descstatus" Type="Edm.String" MaxLength="40" sap:unicode="false" sap:label="Status"/><Property Name="Usuario" Type="Edm.String" MaxLength="40" sap:unicode="false" sap:label="Usuario"/><Property Name="Bukrs" Type="Edm.String" Nullable="false" MaxLength="4" sap:unicode="false" sap:label="Empresa"/><Property Name="WerksO" Type="Edm.String" Nullable="false" MaxLength="4" sap:unicode="false" sap:label="Centro"/><Property Name="IdSolicitacao" Type="Edm.Int32" Nullable="false" sap:unicode="false" sap:label="Id da solicitação"/><Property Name="Emailsol" Type="Edm.String" MaxLength="50" sap:unicode="false" sap:label="Comentário"/><Property Name="Status" Type="Edm.String" MaxLength="70" sap:unicode="false" sap:label="Status"/><Property Name="Carteira" Type="Edm.String" MaxLength="70" sap:unicode="false" sap:label="Carteira"/><Property Name="Modalidade" Type="Edm.String" MaxLength="70" sap:unicode="false" sap:label="Modalidade"/><Property Name="Prioridade" Type="Edm.String" MaxLength="70" sap:unicode="false" sap:label="Prioridade"/><Property Name="Finalidade" Type="Edm.String" MaxLength="70" sap:unicode="false" sap:label="Finalidade"/><Property Name="GrpCompras" Type="Edm.String" MaxLength="3" sap:unicode="false" sap:label="Grupo de Compras"/><Property Name="DtInicOper" Type="Edm.String" MaxLength="10" sap:unicode="false" sap:label="Data Inicio Operação"/><Property Name="DtInic" Type="Edm.String" MaxLength="10" sap:unicode="false" sap:label="Data Inicio"/></EntityType>
			<EntityType Name="ZET_CBMM_CF_ROTA" sap:content-version="1">
				<Key><PropertyRef Name="Bukrs"/><PropertyRef Name="WerksO"/><PropertyRef Name="IdSolicitacao"/><PropertyRef Name="IdRota"/></Key><Property Name="Bukrs" Type="Edm.String" Nullable="false" MaxLength="4" sap:unicode="false" sap:label="Empresa"/><Property Name="PesoUnit" Type="Edm.Decimal" Nullable="false" Precision="14" Scale="3" sap:unicode="false"
					sap:label="Peso Unitário/Densidade" sap:creatable="false" sap:updatable="false" sap:sortable="false" sap:filterable="false"/><Property Name="VlrTon" Type="Edm.Decimal" Nullable="false" Precision="14" Scale="3" sap:unicode="false" sap:label="Valor original"/><Property Name="MengeUnit" Type="Edm.Int32" Nullable="false" sap:unicode="false" sap:label="Quantidade"/><Property Name="Observ" Type="Edm.String" MaxLength="1024" sap:unicode="false" sap:label="Cadeia"/><Property Name="Route" Type="Edm.String" MaxLength="6" sap:unicode="false" sap:label="Itinerário real"/><Property Name="WerksO" Type="Edm.String" Nullable="false" MaxLength="4" sap:unicode="false" sap:label="Centro Origem"/><Property Name="IdSolicitacao" Type="Edm.Int32" Nullable="false" sap:unicode="false" sap:label="ID Solicitacao"/><Property Name="IdRota" Type="Edm.Int32" Nullable="false" sap:unicode="false" sap:label="ID Rota"/><Property Name="WerksoDescr" Type="Edm.String" MaxLength="60" sap:unicode="false" sap:label="Centro Origem"/><Property Name="AdrnrO" Type="Edm.String" MaxLength="30" sap:unicode="false" sap:label="Endereco do Centro Origem"/><Property Name="CnpjO" Type="Edm.String" MaxLength="16" sap:unicode="false" sap:label="CNPJ do Centro Origem"/><Property Name="ContatoO" Type="Edm.String" MaxLength="40" sap:unicode="false" sap:label="Contato do Centro Origem"/><Property Name="EmailO" Type="Edm.String" MaxLength="40" sap:unicode="false" sap:label="Email do Centro Origem"/><Property Name="TelefoneO" Type="Edm.String" MaxLength="40" sap:unicode="false" sap:label="Telefone do Centro Oirgem"/><Property Name="MunicO" Type="Edm.String" MaxLength="25" sap:unicode="false" sap:label="Municipio Origem"/><Property Name="UfO" Type="Edm.String" MaxLength="3" sap:unicode="false" sap:label="Estado Origem"/><Property Name="Zone1O" Type="Edm.String" MaxLength="20" sap:unicode="false" sap:label="Zona transporte Origem"/><Property Name="Escopo" Type="Edm.String" MaxLength="60" sap:unicode="false" sap:label="Denominação do caminho e do file no front end"/><Property Name="WerksD" Type="Edm.String" MaxLength="4" sap:unicode="false" sap:label="Centro Destino"/><Property Name="WerksdDescr" Type="Edm.String" MaxLength="60" sap:unicode="false" sap:label="Descrição do Centro Destino"/><Property Name="AdrnrD" Type="Edm.String" MaxLength="30" sap:unicode="false" sap:label="Endereço do Centro Destino"/><Property Name="CnpjD" Type="Edm.String" MaxLength="16" sap:unicode="false" sap:label="CNPJ do Centro Destino"/><Property Name="ContatoD" Type="Edm.String" MaxLength="40" sap:unicode="false" sap:label="Contato Destino"/><Property Name="EmailD" Type="Edm.String" MaxLength="40" sap:unicode="false" sap:label="Email Destino"/><Property Name="TelefoneD" Type="Edm.String" MaxLength="40" sap:unicode="false" sap:label="Telefone Destino"/><Property Name="MunicD" Type="Edm.String" MaxLength="25" sap:unicode="false" sap:label="Municipio Destino"/><Property Name="UfD" Type="Edm.String" MaxLength="3" sap:unicode="false" sap:label="Estado Destino"/><Property Name="Zone1D" Type="Edm.String" MaxLength="20" sap:unicode="false" sap:label="Zona transporte Destino"/><Property Name="DescMaterial" Type="Edm.String" MaxLength="70" sap:unicode="false" sap:label="Descrição do Material"/><Property Name="Perigoso" Type="Edm.String" MaxLength="70" sap:unicode="false" sap:label="Perigoso"/><Property Name="CodOnu" Type="Edm.Int32" sap:unicode="false" sap:label="Codigo ONU"/><Property Name="PesoTotal" Type="Edm.Int32" sap:unicode="false" sap:label="Peso Total"/><Property Name="Altura" Type="Edm.Int32" sap:unicode="false" sap:label="Altura"/><Property Name="Largura" Type="Edm.Int32" sap:unicode="false" sap:label="Largura"/><Property Name="Compr" Type="Edm.Int32" sap:unicode="false" sap:label="Comprimento"/><Property Name="TpEmbalagem" Type="Edm.String" MaxLength="70" sap:unicode="false" sap:label="Tipo de Embalagem"/><Property Name="TpCarreg" Type="Edm.String" MaxLength="70" sap:unicode="false" sap:label="Tipo de Carregamento"/><Property Name="TpVeiculo" Type="Edm.String" MaxLength="70" sap:unicode="false" sap:label="Tipo de Veiculo"/><Property Name="AlturaEmb" Type="Edm.Int32" sap:unicode="false" sap:label="Altura Embalagem"/><Property Name="LarguraEmb" Type="Edm.Int32" sap:unicode="false" sap:label="Largura da Embalagem"/><Property Name="ComprEmb" Type="Edm.Int32" sap:unicode="false" sap:label="Comprimento da Embalagem"/><Property Name="VolumEmb" Type="Edm.Int32" sap:unicode="false" sap:label="Volume da Embalagem"/><Property Name="DtInicTransp" Type="Edm.String" MaxLength="10" sap:unicode="false" sap:label="Data Inicio de Transporte"/><Property Name="DtFimTransp" Type="Edm.String" MaxLength="10" sap:unicode="false" sap:label="Data Fim de Transporte"/><Property Name="RotCarreg" Type="Edm.String" MaxLength="70" sap:unicode="false" sap:label="Rotina de Carregamento"/><Property Name="HrCargaInic" Type="Edm.String" MaxLength="5" sap:unicode="false" sap:label="Hr Carga Inicial"/><Property Name="HrCargaFim" Type="Edm.String" MaxLength="5" sap:unicode="false" sap:label="Hr Carga Final"/><Property Name="HrDescInic" Type="Edm.String" MaxLength="5" sap:unicode="false" sap:label="Hr descarga Inicial"/><Property Name="HrDescFim" Type="Edm.String" MaxLength="5" sap:unicode="false" sap:label="Hr descarga Final"/><Property Name="ComprReboq" Type="Edm.Int32" sap:unicode="false" sap:label="Comprimento do Reboque"/></EntityType>
			<EntityType Name="ZET_CBMM_CF_APROVADOR" sap:content-version="1">
				<Key><PropertyRef Name="User"/></Key><Property Name="User" Type="Edm.String" Nullable="false" MaxLength="12" sap:unicode="false" sap:label="Usuário" sap:creatable="false"
					sap:updatable="false" sap:sortable="false" sap:filterable="false"/><Property Name="NameText" Type="Edm.String" Nullable="false" MaxLength="80" sap:unicode="false" sap:label="Nome completo"
					sap:creatable="false" sap:updatable="false" sap:sortable="false" sap:filterable="false"/></EntityType>
			<EntityType Name="ZET_CBMM_CF_TRANSP" sap:content-version="1">
				<Key><PropertyRef Name="Bukrs"/><PropertyRef Name="WerksO"/><PropertyRef Name="IdSolicitacao"/><PropertyRef Name="IdRota"/><PropertyRef Name="NrTransp"/></Key><Property Name="Bukrs" Type="Edm.String" Nullable="false" MaxLength="4" sap:unicode="false" sap:label="Empresa"/><Property Name="WerksO" Type="Edm.String" Nullable="false" MaxLength="4" sap:unicode="false" sap:label="Centro"/><Property Name="IdSolicitacao" Type="Edm.Int32" Nullable="false" sap:unicode="false" sap:label="Nº Solicitação"/><Property Name="IdRota" Type="Edm.Int32" Nullable="false" sap:unicode="false" sap:label="Nº Rota"/><Property Name="NrTransp" Type="Edm.String" Nullable="false" MaxLength="10" sap:unicode="false" sap:label="Transportadora"/><Property Name="Name1" Type="Edm.String" MaxLength="35" sap:unicode="false" sap:label="Descrição"/><Property Name="Localidade" Type="Edm.String" MaxLength="35" sap:unicode="false" sap:label="Localidade"/></EntityType>
			<EntityType Name="ZET_CBMM_CF_TRANSP_H" sap:content-version="1">
				<Key><PropertyRef Name="Lifnr"/></Key><Property Name="Lifnr" Type="Edm.String" Nullable="false" MaxLength="10" sap:unicode="false" sap:label="Fornecedor" sap:creatable="false"
					sap:updatable="false"/><Property Name="Name" Type="Edm.String" Nullable="false" MaxLength="35" sap:unicode="false" sap:label="Nome" sap:creatable="false"
					sap:updatable="false"/></EntityType>
			<EntityType Name="ZET_CBMM_CF_UPLOAD" sap:content-version="1">
				<Key><PropertyRef Name="Bukrs"/><PropertyRef Name="WerksO"/><PropertyRef Name="IdSolicitacao"/><PropertyRef Name="IdRota"/><PropertyRef Name="DocId"/></Key><Property Name="Bukrs" Type="Edm.String" Nullable="false" MaxLength="4" sap:unicode="false" sap:label="Empresa"/><Property Name="WerksO" Type="Edm.String" Nullable="false" MaxLength="4" sap:unicode="false" sap:label="Centro" sap:creatable="false"
					sap:updatable="false" sap:sortable="false" sap:filterable="false"/><Property Name="IdSolicitacao" Type="Edm.Int32" Nullable="false" sap:unicode="false" sap:label="Nº"/><Property Name="IdRota" Type="Edm.Int32" Nullable="false" sap:unicode="false" sap:label="Nº"/><Property Name="DocId" Type="Edm.Int32" Nullable="false" sap:unicode="false" sap:label="Campo de caracteres do comprimento 10"/><Property Name="Filename" Type="Edm.String" MaxLength="60" sap:unicode="false" sap:label="Denominação do caminho e do file no front end"/><Property Name="Mimetype" Type="Edm.String" sap:unicode="false" sap:label="Anexo tipo MIME"/><Property Name="Value" Type="Edm.Binary" sap:unicode="false" sap:label="VALUE"/><Property Name="Url" Type="Edm.String" sap:unicode="false" sap:label="URL de objeto"/><Property Name="Documentart" Type="Edm.String" MaxLength="10" sap:unicode="false" sap:label="Campo de caracteres do comprimento 10"/><Property Name="DtCriacao" Type="Edm.String" MaxLength="10" sap:unicode="false" sap:label="Campo de caracteres do comprimento 10"/><Property Name="Autor" Type="Edm.String" MaxLength="12" sap:unicode="false" sap:label="Nome do usuário"/></EntityType>
			<EntityType Name="ZET_CBMM_CF_UPFILE" m:HasStream="true" sap:content-version="1">
				<Key><PropertyRef Name="DocName"/></Key><Property Name="DocName" Type="Edm.String" Nullable="false" MaxLength="50" sap:unicode="false" sap:creatable="false" sap:updatable="false"
					sap:sortable="false"/></EntityType>
			<EntityType Name="ZET_CBMM_CF_CONDPAG_H" sap:content-version="1">
				<Key><PropertyRef Name="Zterm"/></Key><Property Name="Zterm" Type="Edm.String" Nullable="false" MaxLength="4" sap:unicode="false" sap:label="Cond.pgto." sap:creatable="false"
					sap:updatable="false"/><Property Name="Vtext" Type="Edm.String" Nullable="false" MaxLength="30" sap:unicode="false" sap:label="Denominação" sap:creatable="false"
					sap:updatable="false"/></EntityType>
			<EntityType Name="ZET_CBMM_CF_EMAIL" sap:content-version="1">
				<Key><PropertyRef Name="Titulo"/></Key><Property Name="Titulo" Type="Edm.String" Nullable="false" MaxLength="50" sap:unicode="false" sap:label="TITULO"/><Property Name="Destinatario" Type="Edm.String" MaxLength="1215" sap:unicode="false"
					sap:label="SAPoffice: nome do destinatário de documento (também ext.)"/><Property Name="Corpo" Type="Edm.String" MaxLength="5000" sap:unicode="false" sap:label="CORPO DO E-MAIL"/></EntityType>
			<EntityType Name="ZET_CBMM_CF_EBAN" sap:content-version="1">
				<Key><PropertyRef Name="Banfn"/><PropertyRef Name="Bnfpo"/></Key><Property Name="Banfn" Type="Edm.String" Nullable="false" MaxLength="10" sap:unicode="false" sap:label="ReqC" sap:creatable="false"
					sap:updatable="false" sap:sortable="false" sap:filterable="false"/><Property Name="Frgkz" Type="Edm.String" Nullable="false" MaxLength="1" sap:unicode="false" sap:label="Cód.liberação" sap:creatable="false"
					sap:updatable="false" sap:sortable="false" sap:filterable="false"/><Property Name="Bnfpo" Type="Edm.String" Nullable="false" MaxLength="5" sap:unicode="false" sap:label="Item RC" sap:creatable="false"
					sap:updatable="false" sap:sortable="false" sap:filterable="false"/><Property Name="Werks" Type="Edm.String" Nullable="false" MaxLength="4" sap:unicode="false" sap:label="Centro" sap:creatable="false"
					sap:updatable="false" sap:sortable="false" sap:filterable="false"/><Property Name="Rlwrt" Type="Edm.Decimal" Nullable="false" Precision="16" Scale="3" sap:unicode="false" sap:label="ValTotal lib."
					sap:creatable="false" sap:updatable="false" sap:sortable="false" sap:filterable="false"/></EntityType>
			<EntityType Name="ZET_CBMM_CF_UPLD" sap:content-version="1">
				<Key><PropertyRef Name="Bukrs"/><PropertyRef Name="WerksO"/><PropertyRef Name="IdSolicitacao"/><PropertyRef Name="IdRota"/><PropertyRef Name="Value"/><PropertyRef Name="DocId"/></Key><Property Name="Bukrs" Type="Edm.String" Nullable="false" MaxLength="4" sap:unicode="false" sap:label="Empresa"/><Property Name="WerksO" Type="Edm.String" Nullable="false" MaxLength="4" sap:unicode="false" sap:label="Centro" sap:creatable="false"
					sap:updatable="false" sap:sortable="false" sap:filterable="false"/><Property Name="IdSolicitacao" Type="Edm.Int32" Nullable="false" sap:unicode="false" sap:label="Campo compr.10"/><Property Name="IdRota" Type="Edm.Int32" Nullable="false" sap:unicode="false" sap:label="Nº"/><Property Name="Value" Type="Edm.Binary" Nullable="false" sap:unicode="false" sap:label="VALUE"/><Property Name="DocId" Type="Edm.Int32" Nullable="false" sap:unicode="false" sap:label="Nº"/><Property Name="Url" Type="Edm.String" sap:unicode="false" sap:label="URL de objeto"/><Property Name="Documentart" Type="Edm.String" MaxLength="10" sap:unicode="false" sap:label="Campo de caracteres do comprimento 10"/><Property Name="Filename" Type="Edm.String" MaxLength="255" sap:unicode="false" sap:label="Nome do Arquivo"/><Property Name="DtCriacao" Type="Edm.String" MaxLength="10" sap:unicode="false" sap:label="Campo de caracteres do comprimento 10"/><Property Name="Mimetype" Type="Edm.String" MaxLength="255" sap:unicode="false" sap:label="Mimetype"/><Property Name="Autor" Type="Edm.String" MaxLength="12" sap:unicode="false" sap:label="Nome do usuário"/></EntityType>
			<EntityType Name="ZET_CBMM_CF_RELGFRET" sap:content-version="1">
				<Key><PropertyRef Name="Konms"/><PropertyRef Name="Kstbm"/><PropertyRef Name="Kbetr"/><PropertyRef Name="Kozgf"/><PropertyRef Name="Knumh"/></Key><Property Name="Datab" Type="Edm.String" MaxLength="10" sap:unicode="false" sap:label="Data vencimento De"/><Property Name="Konms" Type="Edm.String" Nullable="false" MaxLength="3" sap:unicode="false" sap:label="UM escala"
					sap:semantics="unit-of-measure"/><Property Name="Kstbm" Type="Edm.String" Nullable="false" MaxLength="15" sap:unicode="false" sap:label="Qtd. Escala"/><Property Name="Kosrt" Type="Edm.String" MaxLength="30" sap:unicode="false" sap:label="Contrato"/><Property Name="Kbetr" Type="Edm.String" Nullable="false" MaxLength="15" sap:unicode="false" sap:label="Valor"/><Property Name="Kotabnr" Type="Edm.String" MaxLength="4" sap:unicode="false" sap:label="Tabela de Preço"/><Property Name="Status" Type="Edm.String" MaxLength="1" sap:unicode="false" sap:label="Status"/><Property Name="Kozgf" Type="Edm.String" Nullable="false" MaxLength="20" sap:unicode="false" sap:label="Condição de Frete"/><Property Name="Datbi" Type="Edm.String" MaxLength="10" sap:unicode="false" sap:label="Data vencimento Até"/><Property Name="Tdlnr" Type="Edm.String" MaxLength="50" sap:unicode="false" sap:label="Transportadora"/><Property Name="Route" Type="Edm.String" MaxLength="50" sap:unicode="false" sap:label="Itinerário"/><Property Name="Vhilm" Type="Edm.String" MaxLength="20" sap:unicode="false" sap:label="Tipo de veículo"/><Property Name="Kschl" Type="Edm.String" MaxLength="10" sap:unicode="false" sap:label="Condição de frete"/><Property Name="Knumh" Type="Edm.String" Nullable="false" MaxLength="10" sap:unicode="false" sap:label="Knumh" sap:filterable="false"/><Property Name="Knumv" Type="Edm.String" MaxLength="10" sap:unicode="false" sap:label="Knumv" sap:filterable="false"/></EntityType>
			<EntityType Name="ZET_CBMM_CF_CEGA_ACEITE" sap:content-version="1">
				<Key><PropertyRef Name="AvisoEntrega"/><PropertyRef Name="Data"/><PropertyRef Name="Branch"/><PropertyRef Name="Nfnum"/></Key><Property Name="AvisoEntrega" Type="Edm.String" Nullable="false" MaxLength="10" sap:unicode="false" sap:label="Cod. Aviso Entrega"/><Property Name="Matnr" Type="Edm.String" MaxLength="18" sap:unicode="false" sap:label="Material"/><Property Name="Bukrs" Type="Edm.String" MaxLength="4" sap:unicode="false" sap:label="Empresa"/><Property Name="QuantAceite" Type="Edm.String" MaxLength="5" sap:unicode="false" sap:label="Quantidade Aceite"/><Property Name="Data" Type="Edm.DateTime" Nullable="false" Precision="7" sap:unicode="false" sap:label="Data"/><Property Name="Volume" Type="Edm.String" MaxLength="15" sap:unicode="false" sap:label="Vol."/><Property Name="Branch" Type="Edm.String" Nullable="false" MaxLength="4" sap:unicode="false" sap:label="Loc.negócios"/><Property Name="Quantidade" Type="Edm.String" MaxLength="5" sap:unicode="false" sap:label="Quantidade volumes"/><Property Name="Aceite" Type="Edm.String" MaxLength="1" sap:unicode="false" sap:label="Aceite"/><Property Name="Nfnum" Type="Edm.String" Nullable="false" MaxLength="9" sap:unicode="false" sap:label="Pedido"/><Property Name="Login" Type="Edm.String" MaxLength="12" sap:unicode="false" sap:label="Usuario"/><Property Name="Pernr" Type="Edm.String" MaxLength="8" sap:unicode="false" sap:label="Matricula"/></EntityType>
			<EntityType Name="ZET_CBMM_CF_CEGA_ACT" sap:content-version="1">
				<Key><PropertyRef Name="Fornecedor"/><PropertyRef Name="Serie"/><PropertyRef Name="Nfnum"/><PropertyRef Name="Matnr"/><PropertyRef Name="AvisoEntrega"/></Key><Property Name="Ebelp" Type="Edm.String" Nullable="false" MaxLength="5" sap:unicode="false" sap:label="Item" sap:creatable="false"
					sap:updatable="false" sap:sortable="false" sap:filterable="false"/><Property Name="QuantAceite" Type="Edm.String" Nullable="false" MaxLength="5" sap:unicode="false" sap:label="Quantidade volumes"
					sap:creatable="false" sap:updatable="false" sap:sortable="false" sap:filterable="false"/><Property Name="Fornecedor" Type="Edm.String" Nullable="false" MaxLength="10" sap:unicode="false" sap:label="Fornecedor"
					sap:creatable="false" sap:updatable="false" sap:sortable="false" sap:filterable="false"/><Property Name="Serie" Type="Edm.String" Nullable="false" MaxLength="3" sap:unicode="false" sap:label="Séries" sap:creatable="false"
					sap:updatable="false" sap:sortable="false" sap:filterable="false"/><Property Name="Nfnum" Type="Edm.String" Nullable="false" MaxLength="9" sap:unicode="false" sap:label="Pedido" sap:filterable="false"/><Property Name="Matnr" Type="Edm.String" Nullable="false" MaxLength="18" sap:unicode="false" sap:label="Material" sap:filterable="false"/><Property Name="Login" Type="Edm.String" Nullable="false" MaxLength="12" sap:unicode="false" sap:label="Nome do Usuário"
					sap:filterable="false"/><Property Name="Pernr" Type="Edm.String" Nullable="false" MaxLength="8" sap:unicode="false" sap:label="Nº pessoal" sap:filterable="false"/><Property Name="Data" Type="Edm.DateTime" Precision="7" sap:unicode="false" sap:label="Data" sap:filterable="false"/><Property Name="Branch" Type="Edm.String" MaxLength="4" sap:unicode="false" sap:label="Centro" sap:filterable="false"/><Property Name="Bukrs" Type="Edm.String" MaxLength="4" sap:unicode="false" sap:label="Empresa" sap:filterable="false"/><Property Name="Volume" Type="Edm.String" MaxLength="15" sap:unicode="false" sap:label="Volume" sap:filterable="false"/><Property Name="Quantidade" Type="Edm.String" MaxLength="5" sap:unicode="false" sap:label="Quantidade volumes" sap:filterable="false"/><Property Name="DtCriacao" Type="Edm.DateTime" Precision="7" sap:unicode="false" sap:label="Data de Criação" sap:creatable="false"
					sap:updatable="false" sap:sortable="false"/><Property Name="Ebeln" Type="Edm.String" Nullable="false" MaxLength="10" sap:unicode="false" sap:label="Doc.compras" sap:creatable="false"
					sap:updatable="false" sap:sortable="false"/><Property Name="AvisoEntrega" Type="Edm.String" Nullable="false" MaxLength="10" sap:unicode="false" sap:label="Cód. Aviso Entrega"/><Property Name="Aceite" Type="Edm.String" Nullable="false" MaxLength="1" sap:unicode="false" sap:label="Aceite"/></EntityType>
			<EntityType Name="ZET_CBMM_CF_CONF_CEGA" sap:content-version="1">
				<Key><PropertyRef Name="Subit"/><PropertyRef Name="Fornecedor"/><PropertyRef Name="Nfe"/><PropertyRef Name="Serie"/><PropertyRef Name="Matnr"/></Key><Property Name="Ebeln" Type="Edm.String" Nullable="false" MaxLength="10" sap:unicode="false" sap:label="Doc.compras" sap:creatable="false"
					sap:updatable="false" sap:sortable="false" sap:filterable="false"/><Property Name="Subit" Type="Edm.String" Nullable="false" MaxLength="4" sap:unicode="false" sap:label="Subitem NF" sap:creatable="false"
					sap:updatable="false" sap:sortable="false" sap:filterable="false"/><Property Name="CodAviso" Type="Edm.String" Nullable="false" MaxLength="10" sap:unicode="false" sap:label="Cód. Aviso"/><Property Name="Volume" Type="Edm.Decimal" Nullable="false" Precision="15" Scale="3" sap:unicode="false" sap:label="Volume"
					sap:creatable="false" sap:updatable="false" sap:sortable="false" sap:filterable="false"/><Property Name="Ebelp" Type="Edm.String" Nullable="false" MaxLength="5" sap:unicode="false" sap:label="Item" sap:creatable="false"
					sap:updatable="false" sap:sortable="false" sap:filterable="false"/><Property Name="Fornecedor" Type="Edm.String" Nullable="false" MaxLength="10" sap:unicode="false" sap:label="Fornecedor"/><Property Name="Quantidade" Type="Edm.Decimal" Nullable="false" Precision="13" Scale="3" sap:unicode="false" sap:label="Qtd.remessa"
					sap:creatable="false" sap:updatable="false" sap:sortable="false" sap:filterable="false"/><Property Name="Nfe" Type="Edm.String" Nullable="false" MaxLength="9" sap:unicode="false" sap:label="Nota Fiscal"/><Property Name="Serie" Type="Edm.String" Nullable="false" MaxLength="3" sap:unicode="false" sap:label="N° Série"/><Property Name="Bukrs" Type="Edm.String" Nullable="false" MaxLength="4" sap:unicode="false" sap:label="Empresa" sap:creatable="false"
					sap:updatable="false" sap:sortable="false"/><Property Name="Data" Type="Edm.DateTime" Precision="7" sap:unicode="false" sap:label="Data" sap:filterable="false"/><Property Name="DtCriacao" Type="Edm.DateTime" Precision="7" sap:unicode="false" sap:label="Data atual" sap:filterable="false"/><Property Name="DtRecebimento" Type="Edm.DateTime" Precision="7" sap:unicode="false" sap:label="Data do recebimento"/><Property Name="Aceite" Type="Edm.String" MaxLength="1" sap:unicode="false" sap:label="Aceite" sap:filterable="false"/><Property Name="DescForn" Type="Edm.String" MaxLength="30" sap:unicode="false" sap:label="Desc. Fornecedor" sap:filterable="false"/><Property Name="EfetuaEm" Type="Edm.String" MaxLength="1" sap:unicode="false" sap:label="Efetua EM" sap:filterable="false"/><Property Name="Login" Type="Edm.String" MaxLength="20" sap:unicode="false" sap:label="Login" sap:filterable="false"/><Property Name="Matnr" Type="Edm.String" Nullable="false" MaxLength="18" sap:unicode="false" sap:label="Material" sap:filterable="false"/><Property Name="Matricula" Type="Edm.String" MaxLength="8" sap:unicode="false" sap:label="Nº pessoal" sap:filterable="false"/><Property Name="XmlChaveNfe" Type="Edm.String" Nullable="false" MaxLength="44" sap:unicode="false" sap:label="Chave de acesso"/><Property Name="Hora" Type="Edm.Time" Precision="0" sap:unicode="false" sap:label="Hora" sap:filterable="false"/></EntityType>
			<EntityType Name="ZET_CBMM_CF_SAVINGS" sap:content-version="1">
				<Key><PropertyRef Name="DtInic"/><PropertyRef Name="DtFim"/></Key><Property Name="DtVencedor" Type="Edm.String" MaxLength="10" sap:unicode="false" sap:creatable="false" sap:updatable="false"/><Property Name="DtInic" Type="Edm.String" Nullable="false" MaxLength="10" sap:unicode="false" sap:creatable="false" sap:updatable="false"/><Property Name="DtFim" Type="Edm.String" Nullable="false" MaxLength="10" sap:unicode="false" sap:creatable="false" sap:updatable="false"/><Property Name="Valor" Type="Edm.Int32" sap:unicode="false" sap:creatable="false" sap:updatable="false"/></EntityType>
			<EntityType Name="ZET_CBMM_CF_RELGFRE2" sap:content-version="1">
				<Key><PropertyRef Name="Kozgf"/><PropertyRef Name="Knumh"/></Key><Property Name="Kosrt" Type="Edm.String" Nullable="false" MaxLength="30" sap:unicode="false" sap:label="30 caracteres" sap:creatable="false"
					sap:updatable="false" sap:sortable="false" sap:filterable="false"/><Property Name="Kozgf" Type="Edm.String" Nullable="false" MaxLength="10" sap:unicode="false"
					sap:label="Campo de caracteres do comprimento 10" sap:creatable="false" sap:updatable="false" sap:sortable="false" sap:filterable="false"/><Property Name="Datbi" Type="Edm.String" Nullable="false" MaxLength="10" sap:unicode="false"
					sap:label="Campo de caracteres do comprimento 10" sap:creatable="false" sap:updatable="false" sap:sortable="false" sap:filterable="false"/><Property Name="Tdlnr" Type="Edm.String" Nullable="false" MaxLength="10" sap:unicode="false"
					sap:label="Campo de caracteres do comprimento 10" sap:creatable="false" sap:updatable="false" sap:sortable="false" sap:filterable="false"/><Property Name="Route" Type="Edm.String" Nullable="false" MaxLength="10" sap:unicode="false"
					sap:label="Campo de caracteres do comprimento 10" sap:creatable="false" sap:updatable="false" sap:sortable="false" sap:filterable="false"/><Property Name="Vhilm" Type="Edm.String" Nullable="false" MaxLength="10" sap:unicode="false"
					sap:label="Campo de caracteres do comprimento 10" sap:creatable="false" sap:updatable="false" sap:sortable="false" sap:filterable="false"/><Property Name="Kschl" Type="Edm.String" Nullable="false" MaxLength="10" sap:unicode="false"
					sap:label="Campo de caracteres do comprimento 10" sap:creatable="false" sap:updatable="false" sap:sortable="false" sap:filterable="false"/><Property Name="Knumh" Type="Edm.String" Nullable="false" MaxLength="10" sap:unicode="false"
					sap:label="Campo de caracteres do comprimento 10" sap:creatable="false" sap:updatable="false" sap:sortable="false" sap:filterable="false"/><Property Name="Knumv" Type="Edm.String" Nullable="false" MaxLength="10" sap:unicode="false"
					sap:label="Campo de caracteres do comprimento 10" sap:creatable="false" sap:updatable="false" sap:sortable="false" sap:filterable="false"/><Property Name="Datab" Type="Edm.String" Nullable="false" MaxLength="15" sap:unicode="false" sap:label="char15" sap:creatable="false"
					sap:updatable="false" sap:sortable="false" sap:filterable="false"/><Property Name="Status" Type="Edm.String" Nullable="false" MaxLength="1" sap:unicode="false" sap:label="Caractere 1" sap:creatable="false"
					sap:updatable="false" sap:sortable="false" sap:filterable="false"/><Property Name="Kotabnr" Type="Edm.String" Nullable="false" MaxLength="4" sap:unicode="false"
					sap:label="Área def.imprecisam., evtlm.utiliz.p/níveis Support Package" sap:creatable="false" sap:updatable="false" sap:sortable="false"
					sap:filterable="false"/><Property Name="Kbetr" Type="Edm.String" Nullable="false" MaxLength="15" sap:unicode="false" sap:label="char15" sap:creatable="false"
					sap:updatable="false" sap:sortable="false" sap:filterable="false"/></EntityType>
			<EntityType Name="ZET_CBMM_CF_TRANSPMC" sap:content-version="1">
				<Key><PropertyRef Name="Tdlnr"/></Key><Property Name="Name1" Type="Edm.String" MaxLength="50" sap:unicode="false" sap:label="Comentário"/><Property Name="Tdlnr" Type="Edm.String" Nullable="false" MaxLength="20" sap:unicode="false" sap:label="char20"/></EntityType>
			<EntityType Name="ZET_CBMM_CF_RELGFRECOUNT" sap:content-version="1">
				<Key><PropertyRef Name="Kozgf"/><PropertyRef Name="Status"/><PropertyRef Name="Count"/></Key><Property Name="Kozgf" Type="Edm.String" Nullable="false" MaxLength="4" sap:unicode="false"
					sap:label="Área def.imprecisam., evtlm.utiliz.p/níveis Support Package"/><Property Name="Status" Type="Edm.String" Nullable="false" MaxLength="1" sap:unicode="false" sap:label="Caractere 1"/><Property Name="Count" Type="Edm.String" Nullable="false" MaxLength="100" sap:unicode="false" sap:label="Caractere 100"/></EntityType>
			<EntityType Name="ZET_CBMM_CF_RELGFRE5" sap:content-version="1">
				<Key><PropertyRef Name="Kozgf"/><PropertyRef Name="Knumh"/></Key><Property Name="Kozgf" Type="Edm.String" Nullable="false" MaxLength="10" sap:unicode="false"
					sap:label="Campo de caracteres do comprimento 10" sap:creatable="false" sap:updatable="false" sap:sortable="false" sap:filterable="false"/><Property Name="Datbi" Type="Edm.String" Nullable="false" MaxLength="10" sap:unicode="false"
					sap:label="Campo de caracteres do comprimento 10" sap:creatable="false" sap:updatable="false" sap:sortable="false" sap:filterable="false"/><Property Name="Tdlnr" Type="Edm.String" Nullable="false" MaxLength="50" sap:unicode="false" sap:label="Comentário" sap:creatable="false"
					sap:updatable="false" sap:sortable="false" sap:filterable="false"/><Property Name="Route" Type="Edm.String" Nullable="false" MaxLength="50" sap:unicode="false" sap:label="Comentário" sap:creatable="false"
					sap:updatable="false" sap:sortable="false" sap:filterable="false"/><Property Name="Vhilm" Type="Edm.String" Nullable="false" MaxLength="20" sap:unicode="false" sap:label="char20" sap:creatable="false"
					sap:updatable="false" sap:sortable="false" sap:filterable="false"/><Property Name="Kschl" Type="Edm.String" Nullable="false" MaxLength="10" sap:unicode="false"
					sap:label="Campo de caracteres do comprimento 10" sap:creatable="false" sap:updatable="false" sap:sortable="false" sap:filterable="false"/><Property Name="Knumh" Type="Edm.String" Nullable="false" MaxLength="10" sap:unicode="false" sap:label="Nºreg.condição"
					sap:creatable="false" sap:updatable="false" sap:sortable="false" sap:filterable="false"/><Property Name="Knumv" Type="Edm.String" Nullable="false" MaxLength="10" sap:unicode="false" sap:label="Condição doc." sap:creatable="false"
					sap:updatable="false" sap:sortable="false" sap:filterable="false"/><Property Name="Datab" Type="Edm.String" Nullable="false" MaxLength="15" sap:unicode="false" sap:label="char15" sap:creatable="false"
					sap:updatable="false" sap:sortable="false" sap:filterable="false"/><Property Name="Status" Type="Edm.String" Nullable="false" MaxLength="1" sap:unicode="false" sap:label="Caractere 1" sap:creatable="false"
					sap:updatable="false" sap:sortable="false" sap:filterable="false"/><Property Name="Kotabnr" Type="Edm.String" Nullable="false" MaxLength="4" sap:unicode="false"
					sap:label="Área def.imprecisam., evtlm.utiliz.p/níveis Support Package" sap:creatable="false" sap:updatable="false" sap:sortable="false"
					sap:filterable="false"/><Property Name="Kbetr" Type="Edm.String" Nullable="false" MaxLength="15" sap:unicode="false" sap:label="char15" sap:creatable="false"
					sap:updatable="false" sap:sortable="false" sap:filterable="false"/><Property Name="Kosrt" Type="Edm.String" Nullable="false" MaxLength="30" sap:unicode="false" sap:label="30 caracteres" sap:creatable="false"
					sap:updatable="false" sap:sortable="false" sap:filterable="false"/></EntityType>
			<EntityType Name="ZET_CBMM_CF_MATNR" sap:content-version="1">
				<Key><PropertyRef Name="Matnr"/></Key><Property Name="Matnr" Type="Edm.String" Nullable="false" MaxLength="18" sap:unicode="false" sap:label="Material" sap:creatable="false"
					sap:updatable="false" sap:sortable="false" sap:filterable="false"/><Property Name="Maktx" Type="Edm.String" Nullable="false" MaxLength="40" sap:unicode="false" sap:label="denominação" sap:creatable="false"
					sap:updatable="false" sap:sortable="false" sap:filterable="false"/></EntityType>
			<EntityType Name="ZET_CBMM_CF_MAPA" sap:content-version="1">
				<Key><PropertyRef Name="IdSolicitacao"/></Key><Property Name="IdSolicitacao" Type="Edm.Int32" Nullable="false" sap:unicode="false" sap:label="Nº"/><Property Name="Rawstring" Type="Edm.Binary" sap:unicode="false" sap:label="RAWSTRING"/><Property Name="Filename" Type="Edm.String" MaxLength="60" sap:unicode="false" sap:label="Denominação do caminho e do file no front end"/><Property Name="Mimetype" Type="Edm.String" sap:unicode="false" sap:label="Anexo tipo MIME"/></EntityType>
			<EntityContainer Name="ZGWCBMM_CONTRATACAO_FRETE_SRV_Entities" m:IsDefaultEntityContainer="true" sap:supported-formats="atom json xlsx"><EntitySet Name="SubscriptionCollection" EntityType="ZGWCBMM_CONTRATACAO_FRETE_SRV.Subscription" sap:content-version="1"/><EntitySet Name="NotificationCollection" EntityType="ZGWCBMM_CONTRATACAO_FRETE_SRV.Notification" sap:creatable="false" sap:updatable="false"
				sap:deletable="false" sap:addressable="false" sap:content-version="1"/><EntitySet Name="ZET_CBMM_CF_BUKRSSet" EntityType="ZGWCBMM_CONTRATACAO_FRETE_SRV.ZET_CBMM_CF_BUKRS" sap:searchable="true"
				sap:requires-filter="true" sap:content-version="1"/><EntitySet Name="ZET_CBMM_CF_WERKSSet" EntityType="ZGWCBMM_CONTRATACAO_FRETE_SRV.ZET_CBMM_CF_WERKS" sap:searchable="true"
				sap:requires-filter="true" sap:content-version="1"/><EntitySet Name="ZET_CBMM_CF_VEICULOSet" EntityType="ZGWCBMM_CONTRATACAO_FRETE_SRV.ZET_CBMM_CF_VEICULO" sap:searchable="true"
				sap:requires-filter="true" sap:content-version="1"/><EntitySet Name="ZET_CBMM_CF_ZONE1Set" EntityType="ZGWCBMM_CONTRATACAO_FRETE_SRV.ZET_CBMM_CF_ZONE1" sap:searchable="true"
				sap:requires-filter="true" sap:content-version="1"/><EntitySet Name="ZET_CBMM_CF_VEIC_HSet" EntityType="ZGWCBMM_CONTRATACAO_FRETE_SRV.ZET_CBMM_CF_VEIC_H" sap:searchable="true"
				sap:requires-filter="true" sap:content-version="1"/><EntitySet Name="ZET_CBMM_CF_PEDIDOSet" EntityType="ZGWCBMM_CONTRATACAO_FRETE_SRV.ZET_CBMM_CF_PEDIDO" sap:searchable="true"
				sap:requires-filter="true" sap:content-version="1"/><EntitySet Name="ZET_CBMM_CF_ROUTESet" EntityType="ZGWCBMM_CONTRATACAO_FRETE_SRV.ZET_CBMM_CF_ROUTE" sap:searchable="true"
				sap:requires-filter="true" sap:content-version="1"/><EntitySet Name="ZET_CBMM_CF_RELATORIOSet" EntityType="ZGWCBMM_CONTRATACAO_FRETE_SRV.ZET_CBMM_CF_RELATORIO" sap:searchable="true"
				sap:requires-filter="true" sap:content-version="1"/><EntitySet Name="ZET_CBMM_CF_CEGA001Set" EntityType="ZGWCBMM_CONTRATACAO_FRETE_SRV.ZET_CBMM_CF_CEGA" sap:searchable="true"
				sap:requires-filter="true" sap:content-version="1"/><EntitySet Name="ZET_CBMM_CF_CEGA_ETIQUETASet" EntityType="ZGWCBMM_CONTRATACAO_FRETE_SRV.ZET_CBMM_CF_CEGA_ETIQUETA" sap:searchable="true"
				sap:requires-filter="true" sap:content-version="1"/><EntitySet Name="ZET_CBMM_CF_EKGRPSet" EntityType="ZGWCBMM_CONTRATACAO_FRETE_SRV.ZET_CBMM_CF_EKGRP" sap:searchable="true"
				sap:requires-filter="true" sap:content-version="1"/><EntitySet Name="ZET_CBMM_CF_VEICONDSet" EntityType="ZGWCBMM_CONTRATACAO_FRETE_SRV.ZET_CBMM_CF_VEICOND" sap:searchable="true"
				sap:requires-filter="true" sap:content-version="1"/><EntitySet Name="ZET_CBMM_CF_CARTSet" EntityType="ZGWCBMM_CONTRATACAO_FRETE_SRV.ZET_CBMM_CF_CART" sap:searchable="true" sap:pageable="false"
				sap:requires-filter="true" sap:content-version="1"/><EntitySet Name="ZET_CBMM_CF_CONDITIONSet" EntityType="ZGWCBMM_CONTRATACAO_FRETE_SRV.ZET_CBMM_CF_CONDITION" sap:creatable="false"
				sap:updatable="false" sap:deletable="false" sap:pageable="false" sap:content-version="1"/><EntitySet Name="ZET_CBMM_CF_KOSTLSet" EntityType="ZGWCBMM_CONTRATACAO_FRETE_SRV.ZET_CBMM_CF_KOSTL" sap:searchable="true"
				sap:requires-filter="true" sap:content-version="1"/><EntitySet Name="ZET_CBMM_CF_APROVSet" EntityType="ZGWCBMM_CONTRATACAO_FRETE_SRV.ZET_CBMM_CF_APROV" sap:searchable="true"
				sap:requires-filter="true" sap:content-version="1"/><EntitySet Name="ZET_CBMM_CF_PARAMETSet" EntityType="ZGWCBMM_CONTRATACAO_FRETE_SRV.ZET_CBMM_CF_PARAMET" sap:searchable="true"
				sap:requires-filter="true" sap:content-version="1"/><EntitySet Name="ZET_CBMM_CF_FRETESet" EntityType="ZGWCBMM_CONTRATACAO_FRETE_SRV.ZET_CBMM_CF_FRETE" sap:searchable="true"
				sap:requires-filter="true" sap:content-version="1"/><EntitySet Name="ZET_CBMM_CF_ROTASet" EntityType="ZGWCBMM_CONTRATACAO_FRETE_SRV.ZET_CBMM_CF_ROTA" sap:searchable="true"
				sap:requires-filter="true" sap:content-version="1"/><EntitySet Name="ZET_CBMM_CF_APROVADORSet" EntityType="ZGWCBMM_CONTRATACAO_FRETE_SRV.ZET_CBMM_CF_APROVADOR" sap:searchable="true"
				sap:requires-filter="true" sap:content-version="1"/><EntitySet Name="ZET_CBMM_CF_TRANSPSet" EntityType="ZGWCBMM_CONTRATACAO_FRETE_SRV.ZET_CBMM_CF_TRANSP" sap:searchable="true"
				sap:requires-filter="true" sap:content-version="1"/><EntitySet Name="ZET_CBMM_CF_TRANSP_HSet" EntityType="ZGWCBMM_CONTRATACAO_FRETE_SRV.ZET_CBMM_CF_TRANSP_H" sap:searchable="true"
				sap:requires-filter="true" sap:content-version="1"/><EntitySet Name="ZET_CBMM_CF_UPLOADSet" EntityType="ZGWCBMM_CONTRATACAO_FRETE_SRV.ZET_CBMM_CF_UPLOAD" sap:searchable="true"
				sap:requires-filter="true" sap:content-version="1"/><EntitySet Name="ZET_CBMM_CF_UPFILESet" EntityType="ZGWCBMM_CONTRATACAO_FRETE_SRV.ZET_CBMM_CF_UPFILE" sap:searchable="true"
				sap:requires-filter="true" sap:content-version="1"/><EntitySet Name="ZET_CBMM_CF_CONDPAG_HSet" EntityType="ZGWCBMM_CONTRATACAO_FRETE_SRV.ZET_CBMM_CF_CONDPAG_H" sap:searchable="true"
				sap:requires-filter="true" sap:content-version="1"/><EntitySet Name="ZET_CBMM_CF_EMAILSet" EntityType="ZGWCBMM_CONTRATACAO_FRETE_SRV.ZET_CBMM_CF_EMAIL" sap:searchable="true"
				sap:requires-filter="true" sap:content-version="1"/><EntitySet Name="ZET_CBMM_CF_EBANSet" EntityType="ZGWCBMM_CONTRATACAO_FRETE_SRV.ZET_CBMM_CF_EBAN" sap:searchable="true"
				sap:requires-filter="true" sap:content-version="1"/><EntitySet Name="ZET_CBMM_CF_UPLDSet" EntityType="ZGWCBMM_CONTRATACAO_FRETE_SRV.ZET_CBMM_CF_UPLD" sap:searchable="true"
				sap:requires-filter="true" sap:content-version="1"/><EntitySet Name="ZET_CBMM_CF_RELGFRETSet" EntityType="ZGWCBMM_CONTRATACAO_FRETE_SRV.ZET_CBMM_CF_RELGFRET" sap:searchable="true"
				sap:requires-filter="true" sap:content-version="1"/><EntitySet Name="ZET_CBMM_CF_CEGA_ACEITESet" EntityType="ZGWCBMM_CONTRATACAO_FRETE_SRV.ZET_CBMM_CF_CEGA_ACEITE" sap:searchable="true"
				sap:requires-filter="true" sap:content-version="1"/><EntitySet Name="ZET_CBMM_CF_CEGA_ACTSet" EntityType="ZGWCBMM_CONTRATACAO_FRETE_SRV.ZET_CBMM_CF_CEGA_ACT" sap:searchable="true"
				sap:requires-filter="true" sap:content-version="1"/><EntitySet Name="ZET_CBMM_CF_CONF_CEGASet" EntityType="ZGWCBMM_CONTRATACAO_FRETE_SRV.ZET_CBMM_CF_CONF_CEGA" sap:searchable="true"
				sap:requires-filter="true" sap:content-version="1"/><EntitySet Name="ZET_CBMM_CF_SAVINGSSet" EntityType="ZGWCBMM_CONTRATACAO_FRETE_SRV.ZET_CBMM_CF_SAVINGS" sap:searchable="true"
				sap:requires-filter="true" sap:content-version="1"/><EntitySet Name="ZET_CBMM_CF_RELGFRE2Set" EntityType="ZGWCBMM_CONTRATACAO_FRETE_SRV.ZET_CBMM_CF_RELGFRE2" sap:creatable="false"
				sap:updatable="false" sap:deletable="false" sap:pageable="false" sap:content-version="1"/><EntitySet Name="ZET_CBMM_CF_TRANSPMCSet" EntityType="ZGWCBMM_CONTRATACAO_FRETE_SRV.ZET_CBMM_CF_TRANSPMC" sap:creatable="false"
				sap:updatable="false" sap:deletable="false" sap:pageable="false" sap:content-version="1"/><EntitySet Name="ZET_CBMM_CF_RELGFRECOUNTSet" EntityType="ZGWCBMM_CONTRATACAO_FRETE_SRV.ZET_CBMM_CF_RELGFRECOUNT" sap:creatable="false"
				sap:updatable="false" sap:deletable="false" sap:pageable="false" sap:content-version="1"/><EntitySet Name="ZET_CBMM_CF_RELGFRE5Collection" EntityType="ZGWCBMM_CONTRATACAO_FRETE_SRV.ZET_CBMM_CF_RELGFRE5" sap:content-version="1"/><EntitySet Name="ZET_CBMM_CF_MATNRSet" EntityType="ZGWCBMM_CONTRATACAO_FRETE_SRV.ZET_CBMM_CF_MATNR" sap:creatable="false"
				sap:updatable="false" sap:deletable="false" sap:pageable="false" sap:content-version="1"/><EntitySet Name="ZET_CBMM_CF_MAPASet" EntityType="ZGWCBMM_CONTRATACAO_FRETE_SRV.ZET_CBMM_CF_MAPA" sap:searchable="true"
				sap:requires-filter="true" sap:content-version="1"/>
				<FunctionImport Name="ContagemCega" ReturnType="ZGWCBMM_CONTRATACAO_FRETE_SRV.ZET_CBMM_CF_CONF_CEGA" EntitySet="ZET_CBMM_CF_CONF_CEGASet"
					m:HttpMethod="POST" sap:action-for="ZGWCBMM_CONTRATACAO_FRETE_SRV.ZET_CBMM_CF_CONF_CEGA"><Parameter Name="Volume" Type="Edm.Decimal" Mode="In" Precision="3" Scale="3"/><Parameter Name="Serie" Type="Edm.String" Mode="In" MaxLength="3"/><Parameter Name="Quantidade" Type="Edm.Decimal" Mode="In" Precision="3" Scale="3"/><Parameter Name="Nfe" Type="Edm.String" Mode="In" MaxLength="9"/><Parameter Name="Matnr" Type="Edm.String" Mode="In" MaxLength="18"/><Parameter Name="Fornecedor" Type="Edm.String" Mode="In" MaxLength="10"/></FunctionImport>
			</EntityContainer><atom:link xmlns:atom="http://www.w3.org/2005/Atom" rel="self" href="./sap/ZGWCBMM_CONTRATACAO_FRETE_SRV/$metadata"/><atom:link xmlns:atom="http://www.w3.org/2005/Atom" rel="latest-version" href="./sap/ZGWCBMM_CONTRATACAO_FRETE_SRV/$metadata"/></Schema>
	</edmx:DataServices>
</edmx:Edmx>